{
  "obs_rms": {
    "mean": [
      -0.0015831913333386183,
      0.001562553457915783,
      -0.00014713926066178828,
      -0.0017639632569625974,
      -0.0005248344386927783,
      -0.9791334271430969,
      -0.007517679128795862,
      0.00019323884043842554,
      -0.0005673199775628746,
      -0.0015962765319272876,
      -0.004922802560031414,
      -0.4298403561115265,
      -0.2296898514032364,
      -0.2605977952480316,
      -0.09715797752141953,
      0.10724584013223648,
      0.15032480657100677,
      -0.25338292121887207,
      0.016173765063285828,
      0.33786913752555847,
      -0.04561338201165199,
      -0.03126303106546402,
      0.14911073446273804,
      -0.24765059351921082,
      -0.002648798981681466,
      0.12689629197120667,
      -0.22504504024982452,
      0.00034652691101655364,
      0.07216490060091019,
      -0.13734421133995056,
      0.026052555069327354,
      0.13007070124149323,
      -0.17206741869449615,
      -0.2993166744709015,
      -0.03573676198720932,
      -0.4003465175628662,
      -0.4674934148788452,
      -1.0859594345092773,
      0.7292238473892212,
      0.1648852676153183,
      0.5635910630226135,
      -0.10916115343570709,
      0.2500689923763275,
      0.9762767553329468,
      0.3618038594722748
    ],
    "var": [
      1.2484855651855469,
      0.3420471251010895,
      0.17492401599884033,
      0.01621144637465477,
      0.015211283229291439,
      0.012040616013109684,
      0.33182433247566223,
      0.33210453391075134,
      0.11725199967622757,
      0.09595710039138794,
      0.2907724380493164,
      0.16992682218551636,
      0.10035818070173264,
      0.3486425280570984,
      0.19535861909389496,
      0.15643952786922455,
      0.09931184351444244,
      0.2401379942893982,
      0.22069880366325378,
      0.14335693418979645,
      0.12804973125457764,
      8.711752891540527,
      10.859503746032715,
      8.72631549835205,
      6.928648471832275,
      8.976319313049316,
      8.635011672973633,
      7.098838806152344,
      7.505762100219727,
      8.95317554473877,
      8.587813377380371,
      6.761916160583496,
      9.953761100769043,
      1.6388769149780273,
      3.596323251724243,
      3.3951895236968994,
      1.7391854524612427,
      4.497532367706299,
      3.0310959815979004,
      2.5117859840393066,
      1.6012275218963623,
      4.1384711265563965,
      3.046830177307129,
      1.9905006885528564,
      2.3218302726745605
    ],
    "count": 491524096
  }
}