{
  "obs_rms": {
    "mean": [
      -0.0029546816367655993,
      0.00044801930198445916,
      -0.0006234184256754816,
      -0.006270002573728561,
      0.0008802729425951838,
      -0.9848957061767578,
      -0.0034737298265099525,
      -0.0005894216010347009,
      0.0007574485498480499,
      -0.08184247463941574,
      -0.24089880287647247,
      -0.15562869608402252,
      0.05883529782295227,
      -0.026945387944579124,
      -0.17447279393672943,
      -0.15444155037403107,
      -0.00013407249934971333,
      -0.2666788697242737,
      0.16017401218414307,
      0.10752389580011368,
      -0.24921096861362457,
      -0.02441355772316456,
      0.09234972298145294,
      -0.21484537422657013,
      0.026844915002584457,
      0.11277828365564346,
      -0.20391686260700226,
      -0.035614319145679474,
      0.05570875108242035,
      -0.1340187042951584,
      0.03873565047979355,
      0.04480721056461334,
      -0.0812963992357254,
      -0.49721306562423706,
      -0.8616642355918884,
      0.5151920318603516,
      0.5271120071411133,
      -0.21546469628810883,
      0.38978683948516846,
      -0.8112272620201111,
      0.05087561160326004,
      0.04389863461256027,
      0.8271611332893372,
      0.3606315851211548,
      -0.0456826388835907
    ],
    "var": [
      0.9715979695320129,
      0.27386483550071716,
      0.12414485216140747,
      0.01308397576212883,
      0.011984270997345448,
      0.004425489343702793,
      0.3314180076122284,
      0.33080461621284485,
      0.1052035465836525,
      0.11438143998384476,
      0.14555884897708893,
      0.10401282459497452,
      0.11702805757522583,
      0.19605563580989838,
      0.12125734984874725,
      0.08200079202651978,
      0.07307855784893036,
      0.11017677187919617,
      0.09496395289897919,
      0.08233656734228134,
      0.11218570172786713,
      6.805952072143555,
      9.355708122253418,
      10.235490798950195,
      6.720605373382568,
      8.814911842346191,
      11.169797897338867,
      7.000241756439209,
      7.630260944366455,
      10.865954399108887,
      7.160903453826904,
      7.546919345855713,
      11.110142707824707,
      1.937805414199829,
      2.226250171661377,
      3.542226791381836,
      2.0970492362976074,
      3.311331033706665,
      3.93778920173645,
      1.4595537185668945,
      1.169524908065796,
      4.030477046966553,
      2.204801082611084,
      1.4402477741241455,
      3.8105945587158203
    ],
    "count": 512000000
  },
  "privileged_obs_rms": {
    "mean": [
      -0.00022938699112273753,
      -4.245944364811294e-05,
      8.020539826247841e-05,
      0.26908400654792786,
      0.27001017332077026,
      0.2707095444202423,
      0.2712019085884094,
      0.27149727940559387,
      0.2715506851673126,
      0.27132606506347656,
      0.27087169885635376,
      0.27022281289100647,
      0.2693544626235962,
      0.2682233154773712,
      0.2705247700214386,
      0.2714536786079407,
      0.2722124457359314,
      0.27275893092155457,
      0.2730979919433594,
      0.27316832542419434,
      0.2729194164276123,
      0.2723901569843292,
      0.27167290449142456,
      0.27076879143714905,
      0.26970207691192627,
      0.27176633477211,
      0.2727997899055481,
      0.27371150255203247,
      0.27435922622680664,
      0.2747088074684143,
      0.2747974097728729,
      0.2745470106601715,
      0.2740011215209961,
      0.2731477618217468,
      0.2720310091972351,
      0.2708855867385864,
      0.2729393541812897,
      0.2740941345691681,
      0.2750913202762604,
      0.2756902277469635,
      0.2760706841945648,
      0.2761821746826172,
      0.2758699953556061,
      0.2753141522407532,
      0.2745756506919861,
      0.2733059823513031,
      0.27194294333457947,
      0.27397167682647705,
      0.2751821279525757,
      0.2761439085006714,
      0.27674955129623413,
      0.2772829830646515,
      0.2775373160839081,
      0.2770078778266907,
      0.27625739574432373,
      0.2755827009677887,
      0.27446049451828003,
      0.272930771112442,
      0.27475666999816895,
      0.27601683139801025,
      0.2770618498325348,
      0.2777964770793915,
      0.27842286229133606,
      0.27871689200401306,
      0.27818650007247925,
      0.27714478969573975,
      0.2763368487358093,
      0.2752456068992615,
      0.27373743057250977,
      0.2752792537212372,
      0.2765767574310303,
      0.2777777314186096,
      0.2786041498184204,
      0.2790369689464569,
      0.27921032905578613,
      0.27896347641944885,
      0.27797847986221313,
      0.2769595682621002,
      0.2757435142993927,
      0.2742367088794708,
      0.27557989954948425,
      0.27690252661705017,
      0.2780686914920807,
      0.2789941728115082,
      0.27931949496269226,
      0.27930477261543274,
      0.2791672646999359,
      0.2784026861190796,
      0.2773093581199646,
      0.27606189250946045,
      0.2744961678981781,
      0.27563801407814026,
      0.2769421339035034,
      0.27800849080085754,
      0.27900445461273193,
      0.2794519066810608,
      0.27936187386512756,
      0.2791766822338104,
      0.2783653438091278,
      0.2773358225822449,
      0.2761370539665222,
      0.274562269449234,
      0.27540379762649536,
      0.2766794264316559,
      0.27764028310775757,
      0.27862417697906494,
      0.27898910641670227,
      0.27889204025268555,
      0.2787134349346161,
      0.2779978811740875,
      0.27697092294692993,
      0.27589282393455505,
      0.2743469774723053,
      0.27484098076820374,
      0.2760632336139679,
      0.2769908308982849,
      0.2778688073158264,
      0.27823126316070557,
      0.2781699597835541,
      0.27810555696487427,
      0.27733632922172546,
      0.276327908039093,
      0.2753036916255951,
      0.27383679151535034,
      0.274021714925766,
      0.275219589471817,
      0.27605798840522766,
      0.2768835425376892,
      0.27732643485069275,
      0.27734726667404175,
      0.27710452675819397,
      0.27635082602500916,
      0.27543938159942627,
      0.27449584007263184,
      0.27307429909706116,
      0.2730245888233185,
      0.2742021083831787,
      0.2749600410461426,
      0.2756200432777405,
      0.2760162949562073,
      0.2760063111782074,
      0.27574288845062256,
      0.27513858675956726,
      0.2744067311286926,
      0.2734651267528534,
      0.27210983633995056,
      0.27181684970855713,
      0.2729776203632355,
      0.2737743854522705,
      0.2742825448513031,
      0.27458545565605164,
      0.27461326122283936,
      0.2743951380252838,
      0.2739165723323822,
      0.27326342463493347,
      0.27225756645202637,
      0.2709680497646332,
      0.27050819993019104,
      0.271540105342865,
      0.2723677456378937,
      0.2728809118270874,
      0.2731851637363434,
      0.2732226550579071,
      0.27302226424217224,
      0.2725484371185303,
      0.2718391716480255,
      0.270853728055954,
      0.2697215974330902,
      0.26912128925323486,
      0.270029753446579,
      0.2707611322402954,
      0.27126067876815796,
      0.2715376317501068,
      0.27158331871032715,
      0.2713533043861389,
      0.27088770270347595,
      0.2702523171901703,
      0.2693973481655121,
      0.26838764548301697,
      0.2675928771495819,
      0.2684759199619293,
      0.269130140542984,
      0.2695697844028473,
      0.26981720328330994,
      0.2698570787906647,
      0.2696453630924225,
      0.2692468464374542,
      0.2686923146247864,
      0.26790452003479004,
      0.2668613791465759
    ],